date,start time,stop time,perfect pushup BW,pushup BW,pullup BW,pistol squat with chair BW,cat hairball ST,dog yawn ST,full founder ST,IT band foam roll,piriformis vertical foam roll,piriformis horizontal foam roll,standing hip flexor ST,head to knees straight ST,wall sit BW,in outs BW,pushup BW,child pose ST,runs indoor track,runs outdoor track,runs street,bench,pulley row,bench incline,squat,curl,shoulder fly,cable curls,pulley tricep pulldown,iso lateral super incline press,overhead resistance press,leg press,iso lateral high row,forearm rope curl,dumbell press,standing military press,dumbbell curl,one arm dumbbell row,bench bar row,smith press squat,Dumbell military press,Cable standing superman curls,Cable standing pull downs,Cable standing pull ups,Preacher curls,Deadlift,Leg extension ,shoulder rolls,scapular shrugs,cat-camels,straight arm overhead pull downs band,straight arm chest flies band,dislocates band,wrist mobility ,leg swings front side,full body circles,wall extensions,plank,side plank,reverse plank,hollow hold,arch hold,wall plank,parallel bar support,diamond pushup,vertical row,horizontal row,deep body squat,l sit foot supported,dips floor raised leg
1/5/2016,21:06,21:19,4;15;165,,,,,,,,,,,,,,,,,,,,,,,,,,,,,,,,,,,,,,,,,,,,,,,,,,,,,,,,,,,,,,,,,,,
1/6/2016,2:55,3:03,,,2;10;165||2;6;165,,,,,,,,,,,,,,,,,,,,,,,,,,,,,,,,,,,,,,,,,,,,,,,,,,,,,,,,,,,,,,,,,
1/8/2016,18:39,19:15,3;10;165||1;25;165||1;20;165,,3;5;165,4;5;165,1;5;165,3;3;165,1;3;165,,,,1;3;165,,,,,,,,,,,,,,,,,,,,,,,,,,,,,,,,,,,,,,,,,,,,,,,,,,,,,,,,,
1/15/2016,18:02,18:56,1;25;165||1;20;165||3;15;165||1;10;165,,3;5;165,,,,,,,,,1;15;165,3;15;165,4;15;165,,,,,,,,,,,,,,,,,,,,,,,,,,,,,,,,,,,,,,,,,,,,,,,,,,,,,,
1/16/2016,17:38,19:23,4;15;165,,1;10;165||2;8;165||5;5;165,2;3;165||2;4;165,,,,,,,,1;10;165,,,,,,,,,,,,,,,,,,,,,,,,,,,,,,,,,,,,,,,,,,,,,,,,,,,,,,,,
1/21/2016,21:49,22:13,2;20;165,,2;5;165,1;3;165,,3;3;165,,,,,,,,,,,,,,,,,,,,,,,,,,,,,,,,,,,,,,,,,,,,,,,,,,,,,,,,,,,,,,
1/22/2016,18:54,19:33,4;10;165,,,,,,,,,,,,4;25;165,,,,,,,,,,,,,,,,,,,,,,,,,,,,,,,,,,,,,,,,,,,,,,,,,,,,,,,
1/26/2016,12:44,13:05,,,3;5;165||2;10;165,,,,,,,,,,,,,,,,,,,,,,,,,,,,,,,,,,,,,,,,,,,,,,,,,,,,,,,,,,,,,,,,,
1/30/2016,23:21,23:29,,,2;5;165,,,,,,,,,,,1;15;165,3;10;165,,,,,,,,,,,,,,,,,,,,,,,,,,,,,,,,,,,,,,,,,,,,,,,,,,,,,
2/2/2016,20:15,21:09,5;10;165||1;15;165,,5;5;165||1;10;165,1;3;165,1;7;165,3;5;165,,,,,,,5;10;165,,,1;10;165,,,,,,,,,,,,,,,,,,,,,,,,,,,,,,,,,,,,,,,,,,,,,,,,,,,,
2/3/2016,16:58,17:06,,,,,,,,,,,,,,,,,1.0;8:06;165,,,,,,,,,,,,,,,,,,,,,,,,,,,,,,,,,,,,,,,,,,,,,,,,,,,
2/7/2016,20:33,21:15,,,,4;3;165,,,,,,,,,,,4;15;165||1;25;165||1;10;165||1;5;165,,,,,,,,,,,,,,,,,,,,,,,,,,,,,,,,,,,,,,,,,,,,,,,,,,,,,
2/11/2016,13:53,14:35,,,,,,,,,,,,,,,,,1.0;8:30;165,,,1;10;115||3;10;135,1;10;35||1;10;42.5||2;10;50,,,,,,,,,,,,,,,,,,,,,,,,,,,,,,,,,,,,,,,,,,,,,,,
2/15/2016,13:41,14:30,,,2;6;165,,,,,,,,,,,,,,2.0;20:52;165,,,,,4;5;115,,,,,,,,,,,,,,,,,,,,,,,,,,,,,,,,,,,,,,,,,,,,,,
2/16/2016,14:34,15:42,,,,,,,,,,,,,,,,,1.0;7:57;165,,,4;6;135,1;10;50||3;7;90,,,,,4;10;35,,,,,,,,,,,,,,,,,,,,,,,,,,,,,,,,,,,,,,,,,,
2/18/2016,18:27,19:38,,,1;5;165||5;5;165,,,,,,,,,,,,,,1.0;7:49;165,,,2;5;155,,4;6;135,4;5;115,,,,4;8;35,,,,,,,,,,,,,,,,,,,,,,,,,,,,,,,,,,,,,,,,,
2/19/2016,11:25,12:14,,,,,,,,,,,,,,,,,1.0;8:43;165,,,,,4;5;135,4;4;115,1;10;25||2;8;25,2;5;15,,,1;10;45||3;8;65,,,,,,,,,,,,,,,,,,,,,,,,,,,,,,,,,,,,,,,,
2/22/2016,15:58,16:44,,,,,,,,,,,,,,,,,1.0;7:43;165,,,4;7;135,,,,,,,,,,1;10;120||3;8;170,3;8;140,,,,,,,,,,,,,,,,,,,,,,,,,,,,,,,,,,,,,
2/27/2016,17:55,18:43,,,2;7;163,,,,,,,,,,,,,,1.0;8:27;165,,,4;7;135,,,4;5;135,2;6;20,1;6;12,,,,,,,1;1;15,,,,,,,,,,,,,,,,,,,,,,,,,,,,,,,,,,,,
2/28/2016,16:20,16:48,,,,,,,,,,,,,,,,,1.0;7:36;165,,,,,,,,,,,,,,,2;1;15,2;10;50,2;7;30,,,,,,,,,,,,,,,,,,,,,,,,,,,,,,,,,,
3/1/2016,12:34,13:00,,,,,,,,,,,,,,,,,1.0;8:13;165,,,,,,,,,,,,,,,,,,,,,,,,,,,,,,,,,,,,,,,,,,,,,,,,,,,
3/2/2016,11:29,12:00,,,2;6;165||2;4;165,,,,,,,,,,,,,,,,,4;10;135,,,4;5;135,,,,,,,,,,,,,,,,,,,,,,,,,,,,,,,,,,,,,,,,,,,,,
3/3/2016,21:27,21:40,,,,,,,,,,,,,,,1;25;165||1;20;165||1;15;165||1;10;165||1;5;165,,,,,,,,,,,,,,,,,,,,,,,,,,,,,,,,,,,,,,,,,,,,,,,,,,,,,
3/4/2016,11:30,11:59,,,1;5;165,,,,,,,,,,,,,,1.0;7;41;165,,,,,4;7;135,,,,,,,,,,4;1;10,,,,,,,,,,,,,,,,,,,,,,,,,,,,,,,,,,,,
3/6/2016,12:31,13:18,,,,,,,,,,,,,,,,,1.0;8:06;168,,,,,,4;5;135,,,,,1;15;45,2;10;110||2;5;110,,,,,,,,,,,,,,,,,,,,,,,,,,,,,,,,,,,,,,,
3/8/2016,11:34,12:09,,,,,,,,,,,,,,,,,1.0;7:53;168,,,,,,,,,,,,,,,,3;10;60||1;10;50,,2;7;30,,,,,,,,,,,,,,,,,,,,,,,,,,,,,,,,,
3/9/2016,11:25,12:06,,,,,,,,,,,,,,,,,,,,,4;10;50,4;8;135,4;6;135,,,,,,,,,,,,,,,,,,,,,,,,,,,,,,,,,,,,,,,,,,,,,
3/11/2016,12:53,13:33,,,1;5;168,,,,,,,,,,,,,,,,,,,,2;5;115||2;4;115||2;4;95,,,,,,,,,,2;10;50||2;15;50,,4;6;30,,,,,,,,,,,,,,,,,,,,,,,,,,,,,,,,,
3/13/2016,16:16,17:08,,,,,,,,,,,,,,,,,,,,,,4;8;135,4;4;115,,,,,,,,,,,,,4;8;45,,,,,,,,,,,,,,,,,,,,,,,,,,,,,,,,
3/15/2016,12:38,12:58,,,,,,,,,,,,,,,,,1.0;8:26;165||0.5;3:58;165,,,,,,,,,,,,,,,,,,,,,,,,,,,,,,,,,,,,,,,,,,,,,,,,,,,
3/17/2016,11:42,12:16,,,,,,,,,,,,,,,,,,,,,,,2;4;95||4;4;115,,,,,,,,,,4;15;50,,,,4;10;95,,,,,,,,,,,,,,,,,,,,,,,,,,,,,,,
3/19/2016,15:40,16:05,,,,,3;5;165,3;5;165,1;2;165||1;3;165,,,,2;2;165,1;10;165,,,,,,,,,,,,,,,,,,,,,,,,,,,,,,,,,,,,,,,,,,,,,,,,,,,,,,,,
3/21/2016,11:40,12:01,,,2;7;165,,,,,,,,,,,,,,1.0;8:25;165,,,,,,,,,,,,,,,,,,,,,,,,,,,,,,,,,,,,,,,,,,,,,,,,,,,
3/22/2016,11:43,12:10,,,4;4;165,,,,,,,,,,,,,,,,,,,1;10;135||2;7;155||1;5;135,,,,,,,,,,,,,4;6;30,,4;10;95,,,,,,,,,,,,,,,,,,,,,,,,,,,,,,,
3/24/2016,11:40,12:10,,,,,,,,,,,,,,,,,1.0;9:01;165,,,,,,,,,,,,,,,,,1;10;60||1;10;40||3;10;60,,,,,,,,,,,,,,,,,,,,,,,,,,,,,,,,,,
3/25/2016,19:36,20:30,,,,,,,,,,,,,,,,,1.0;7:58;165,,,4;6;135,,4;5;135,4;5;95||2;4;115,,,,,,,,,2;1;10,,,,,4;6;95,,,,,,,,,,,,,,,,,,,,,,,,,,,,,,,
3/28/2016,16:14,16:47,,,,,,,,,,,,,,,,,0.5;4:33;165,,,,,,4;4;115,,,,,1;10;90||2;5;180||2;7;140,,2;7;180,,,,,,,,,,,,,,,,,,,,,,,,,,,,,,,,,,,,,,
3/29/2016,12:56,13:20,,,1;5;165,,,,,,,,,,,,,,1.5;14:31;165,,,,,,,,,,,,,,,,,,,,,,,,,,,,,,,,,,,,,,,,,,,,,,,,,,,
3/30/2016,12:50,13:07,,,,,,,,,,,,,,,,,1.5;13:02;165,,,,,,,,,,,,,,,,,,,,,,,,,,,,,,,,,,,,,,,,,,,,,,,,,,,
4/3/2016,10:45,11:39,,,,,,,,,,,,,,,,,,,,4;5;135||4;4;155,,,2;4;135,,,,,,,,,,,4;10;50||4;4;70,,,4;7;95,4;5;115,,,,,,,,,,,,,,,,,,,,,,,,,,,,,,
4/5/2016,13:55,14:11,,,,,,,,,,,,,,,,,1.5;12:59;165,,,,,,,,,,,,,,,,,,,,,,,,,,,,,,,,,,,,,,,,,,,,,,,,,,,
4/7/2016,13:40,13:58,,,,,,,,,,,,,,,,,1.5;14:52;165,,,,,,,,,,,,,,,,,,,,,,,,,,,,,,,,,,,,,,,,,,,,,,,,,,,
4/8/2016,13:40,13:55,,,,,,,,,,,,,,,,,1.5;13:56;165,,,,,,,,,,,,,,,,,,,,,,,,,,,,,,,,,,,,,,,,,,,,,,,,,,,
4/9/2016,11:40,12:31,,,,,,,,,,,,,,,,,,,,,4;10;100,4;7;135,4;5;2016||4;4;2016,,,1;6;35,,,,,,,4;10;50,,,,,,,,,,,,,,,,,,,,,,,,,,,,,,,,,,,
4/11/2016,4:20,5:10,,,2;4;165,,,,,,,,,,,,,,,,,,4;7;100,,4;4;115,,,4;7;35,1;4;50||4;7;35,,,,,,4;7;40,,,,,,4;7;40,,,,,,,,,,,,,,,,,,,,,,,,,,,,,
4/12/2016,13:40,14:00,,,,,,,,,,,,,,,,,1.5;12:49;165,,,,,,,,,,,,,,,,,,,,,,,,,,,,,,,,,,,,,,,,,,,,,,,,,,,
4/13/2016,19:34,19:59,,4;25;165,,,,,,,,,,,,4;25;165,,,,,,,,,,,,,,,,,,,,,,,,,,,,,,,,,,,,,,,,,,,,,,,,,,,,,,
4/15/2016,19:33,20:36,,,,,,,,,,,,,,,,,,,,4;5;155,,4;10;115,,,,,,,,4;6;180,,,,,4;8;25,,4;8;95,,,,,,,,,,,,,,,,,,,,,,,,,,,,,,,
4/16/2016,16:30,16:59,,,,,,,,,,,,,,,,,,,2.89;28:04;165,,,,,,,,,,,,,,,,,,,,,,,,,,,,,,,,,,,,,,,,,,,,,,,,,
4/17/2016,14:30,15:00,,,,,,,,,,,,,,,,,,,2.56;25:32;165,,,,,,,,,,,,,,,,,,,,,,,,,,,,,,,,,,,,,,,,,,,,,,,,,
4/19/2016,21:49,22:04,,10;10;165,,,,,,,,,,,,,,,,,,,,,,,,,,,,,,,,,,,,,,,,,,,,,,,,,,,,,,,,,,,,,,,,,,
4/20/2016,12:17,12:30,,5;10;165,,,,,,,,,,,,5;10;165,,,,,,,,,,,,,,,,,,,,,,,,,,,,,,,,,,,,,,,,,,,,,,,,,,,,,,
4/22/2016,13:35,13:55,,,,,,,,,,,,,,,,,,,2.04;18:49;165,,,,,,,,,,,,,,,,,,,,,,,,,,,,,,,,,,,,,,,,,,,,,,,,,
4/23/2016,19:56,18:20,,,,,,,,,,,,,,,,,,,2.26;22:45;165,,,,,,,,,,,,,,,,,,,,,,,,,,,,,,,,,,,,,,,,,,,,,,,,,
4/25/2016,12:15,13:03,,,2;4;165,,,,,,,,,,,,,,,,,4;5;135||4;5;155||4;2;175,4;7;50,,,,,,,,,,,,,,4;5;25,,,,4;8;25,,,,,,,,,,,,,,,,,,,,,,,,,,,,,
4/25/2016,13:30,13:53,,,,,,,,,,,,,,,,,,,2.2;21:55;165,,,,,,,,,,,,,,,,,,,,,,,,,,,,,,,,,,,,,,,,,,,,,,,,,
4/29/2016,10:45,12:00,,,,,,,,,,,,,,,,,0.5;04:07;165,,,4;5;135,,,,,,,,,,,,,,,,,,,,,,,,,,,,,,,,,,,,,,,,,,,,,,,,
5/1/2016,16:40,17:02,,,,,,,,,,,,,,,,,,,2.09;19:38;165,,,,,,,,,,,,,,,,,,,,,,,,,,,,,,,,,,,,,,,,,,,,,,,,,
5/3/2016,14:04,14:25,,,,,,,,,,,,,,,,,,,2.28;20:50;165,,,,,,,,,,,,,,,,,,,,,,,,,,,,,,,,,,,,,,,,,,,,,,,,,
5/5/2016,12:30,12:50,,,,,,,,,,,,,,,,,,,2.21;19:28;165,,,,,,,,,,,,,,,,,,,,,,,,,,,,,,,,,,,,,,,,,,,,,,,,,
5/6/2016,13:56,14:17,,,,,,,,,,,,,,,,,,,2.12;19:21;165,,,,,,,,,,,,,,,,,,,,,,,,,,,,,,,,,,,,,,,,,,,,,,,,,
5/7/2016,15:22,16:04,5;10;165,,,,,,,,,,,,,,,,,,3.19;28:26;165,,,,,,,,,,,,,,,,,,,,,,,,,,,,,,,,,,,,,,,,,,,,,,,,,
5/9/2016,15:09,15:20,1;25;165||2;10;165||1;5;165,,,,,,,,,,,,,,,,,,2.02;18:03;165,,,,,,,,,,,,,,,,,,,,,,,,,,,,,,,,,,,,,,,,,,,,,,,,,
5/11/2016,14:24,14:49,1;25;165,,,,,,,,,,,,,,,,,,,,,,,,,,,,,,,,,,,,,,,,,,,,,,,,,,,,,,,,,,,,,,,,,,,
5/14/2016,13:31,15:57,10;10;165,,,,,,,,,,,,,,,,,,,,,,,,,,,,,,,,,,,,,,,,,,,,,,,,,,,,,,,,,,,,,,,,,,,
5/16/2016,17:17,17:37,,,,,,,,,,,,,,,,,,,2.07;18:47;165,,,,,,,,,,,,,,,,,,,,,,,,,,,,,,,,,,,,,,,,,,,,,,,,,
5/17/2016,15:00,15:20,,,,,,,,,,,,,,,,,,,2.01;18:21;2016,,,,,,,,,,,,,,,,,,,,,,,,,,,,,,,,,,,,,,,,,,,,,,,,,
5/18/2016,14:30,15:00,,,,,,,,,,,,,,,,,,,2.26;20:10;165,,,,,,,,,,,,,,,,,,,,,,,,,,,,,,,,,,,,,,,,,,,,,,,,,
5/19/2016,14:30,15:00,,,,,,,,,,,,,,,,,,,2.91;29:50;165,,,,,,,,,,,,,,,,,,,,,,,,,,,,,,,,,,,,,,,,,,,,,,,,,
5/22/2016,18:07,18:12,,5;10;165,,,,,,,,,,,,,,,,,,,,,,,,,,,,,,,,,,,,,,,,,,,,,,,,,,,,,,,,,,,,,,,,,,
5/25/2016,14:45,15:05,,,,,,,,,,,,,,,,,,,1.91;16:23;165,,,,,,,,,,,,,,,,,,,,,,,,,,,,,,,,,,,,,,,,,,,,,,,,,
5/26/2016,19:45,20:13,,,,,,,,,,,,,,,,,,,2.26;23:20;165,,,,,,,,,,,,,,,,,,,,,,,,,,,,,,,,,,,,,,,,,,,,,,,,,
5/27/2016,22:15,22:25,,5;10;165,,,,,,,,,,,,,,,,,,,,,,,,,,,,,,,,,,,,,,,,,,,,,,,,,,,,,,,,,,,,,,,,,,
5/28/2016,11:45,11:56,,6;10;165,,,,,,,,,,,,,,,,,,,,,,,,,,,,,,,,,,,,,,,,,,,,,,,,,,,,,,,,,,,,,,,,,,
5/29/2016,13:01,13:25,,,,,,,,,,,,,,,,,,,2.01;22:58;165,,,,,,,,,,,,,,,,,,,,,,,,,,,,,,,,,,,,,,,,,,,,,,,,,
5/29/2016,13:45,14:09,,,,,,,,,,,,,,,,,,,,5;10;130,,,,5;6;55,,,,,,,,,,,,,,,,,,,,,,,,,,,,,,,,,,,,,,,,,,,,
5/31/2016,17:15,17:45,,5;10;165,,,,,,,,,,,,,,,,,1.23;14:50;165,,,,,,,,,,,,,,,,,,,,,,,,,,,,,,,,,,,,,,,,,,,,,,,,,
6/2/2016,12:11,12:41,,,2;5;165,,,,,,,,,,,,,,,,1.37;21:56;165,,,,,,,,,,,,,,,,,,,,,,,,,,,,,,,,,,,,,,,,,,,,,,,,,
6/3/2016,14:30,14:53,,,,,,,,,,,,,,,,,,,2.01;18:48;165,,,,,,,,,,,,,,,,,,,,,,,,,,,,,,,,,,,,,,,,,,,,,,,,,
6/6/2016,13:30,13:40,,,2;5;165,,,,,,,,,,,,,,,,,,,,,,,,,,,,,,,,,,,,,,,,,,,,,,,,,,,,,,,,,,,,,,,,,
6/6/2016,17:11,17:30,,,,,,,,,,,,,,,,,,,1.03;9:13;165,,,,,,,,,,,,,,,,,,,,,,,,,,,,,,,,,,,,,,,,,,,,,,,,,
6/6/2016,20:43,21:02,,,4;5;165,,,,,,,,,,,,,,,,,,,,,,,,,,,,,,,,,,,,,,,,,,,,,,,,,,,,,,,,,,,,,,,,,
6/7/2016,14:58,16:08,,,4;5;165,,,,,,,,,,,,,,,,,,,,,,,,,,,,,,,,,,,,,,,,,,,,,,,,,,,,,,,,,,,,,,,,,
6/7/2016,18:51,20:45,,,4;5;165,,,,,,,,,,,,,,,,,,,,,,,,,,,,,,,,,,,,,,,,,,,,,,,,,,,,,,,,,,,,,,,,,
6/8/2016,14:40,15:00,,,,,,,,,,,,,,,,,,,2.02;18:18;165,,,,,,,,,,,,,,,,,,,,,,,,,,,,,,,,,,,,,,,,,,,,,,,,,
6/9/2016,14:25,15:54,,,5;5;165,,,,,,,,,,,,,,,,,,,,,,,,,,,,,,,,,,,,,,,,,,,,,,,,,,,,,,,,,,,,,,,,,
6/10/2016,14:38,15:00,,,,,,,,,,,,,,,,,,,2.08;19:26;165,,,,,,,,,,,,,,,,,,,,,,,,,,,,,,,,,,,,,,,,,,,,,,,,,
6/11/2016,11:09,11:11,,,2;5;165,,,,,,,,,,,,,,,,,,,,,,,,,,,,,,,,,,,,,,,,,,,,,,,,,,,,,,,,,,,,,,,,,
6/11/2016,13:36,13:44,,,2;5;165,,,,,,,,,,,,,,,,,,,,,,,,,,,,,,,,,,,,,,,,,,,,,,,,,,,,,,,,,,,,,,,,,
6/12/2016,18:20,18:43,,,,,,,,,,,,,,,,,,,,,,,,,,,,,,,,,4;10;40,,,,,,,4;7;50,4;5;50,,,,,,,,,,,,,,,,,,,,,,,,,,,
6/14/2016,15:18,15:22,,,2;5;165,,,,,,,,,,,,,,,,,,,,,,,,,,,,,,,,,,,,,,,,,,,,,,,,,,,,,,,,,,,,,,,,,
6/15/2016,15:17,15:33,,,4;5;165,,,,,,,,,,,,,,,,,,,,,,,,,,,,,,,,,,,,,,,,,,,,,,,,,,,,,,,,,,,,,,,,,
06/15/2016,19:35,20:00,,,,,,,,,,,,,,,,,,,2.45;20:53;165,,,,,,,,,,,,,,,,,,,,,,,,,,,,,,,,,,,,,,,,,,,,,,,,,
06/16/2016,14:24,14:36,,,5;5;167,,,,,,,,,,,,,,,,,,,,,,,,,,,,,,,,,,,,,,,,,,,,,,,,,,,,,,,,,,,,,,,,,
06/17/2016,14:48,15:15,,,,,,,,,,,,,,,,,,,1.68;20:25;167,,,,,,,,,,,,,,,,,,,,,,,,,,,,,,,,,,,,,,,,,,,,,,,,,
6/19/2016,1:12,1:54,,,1;5;167,,,,,,,,,,,,,,,,,,,,,,,,,,,,,,4;10;40,,,,4;10;80,,,,,4;10;40,2;7;55,,,,,,,,,,,,,,,,,,,,,,,,,
6/20/2016,21:40,21:45,,,1;10;167||2;5;167,,,,,,,,,,,,,,,,,,,,,,,,,,,,,,,,,,,,,,,,,,,,,,,,,,,,,,,,,,,,,,,,,
6/21/2016,14:22,14:42,,,,,,,,,,,,,,,,,,,1.8;17:03;167,,,,,,,,,,,,,,,,,,,,,,,,,,,,,,,,,,,,,,,,,,,,,,,,,
6/21/2016,19:16,19:38,,,5;5;167,,,,,,,,,,,,,,,,,,,,,,,,,,,,,,,,,,,,,,,,,,,,,,,,,,,,,,,,,,,,,,,,,
6/22/2016,14:50,15:15,,,,,,,,,,,,,,,,,,,2.0;21:02;167,,,,,,,,,,,,,,,,,,,,,,,,,,,,,,,,,,,,,,,,,,,,,,,,,
6/23/2016,14:30,14:55,,,,,,,,,,,,,,,,,,,2.0;21:00;167,,,,,,,,,,,,,,,,,,,,,,,,,,,,,,,,,,,,,,,,,,,,,,,,,
6/24/2016,14:27,14:55,,,,,,,,,,,,,,,,,,,2.0;20:00;167,,,,,,,,,,,,,,,,,,,,,,,,,,,,,,,,,,,,,,,,,,,,,,,,,
6/25/2016,10:50,11:10,,,2;5;167,,,,,,,,,,,,,,,,,,,,,,,,,,,,,,4;8;45,,,,,,,,,4;8;50,,,,,,,,,,,,,,,,,,,,,,,,,,
6/27/2016,17:30,17:50,,,,,,,,,,,,,,,,,,,2.0;20:00;167,,,,,,,,,,,,,,,,,,,,,,,,,,,,,,,,,,,,,,,,,,,,,,,,,
6/28/2016,18:17,18:34,,,4;8;167,,,,,,,,,,,,,,,,,,,,,,,,,,,,,,,,,,,,,,,,,,,,,,,,,,,,,,,,,,,,,,,,,
6/29/2016,14:55,13:13,,,,,,,,,,,,,,,,,,,2.2;21:42;164,,,,,,,,,,,,,,,,,,,,,,,,,,,,,,,,,,,,,,,,,,,,,,,,,
6/30/2016,14:30,15:00,,,4;6;164,,,,,,,,,,,,,,,,2.2;21:33;164,,,,,,,,,,,,,,,,,,,,,,,,,,,,,,,,,,,,,,,,,,,,,,,,,
6/30/2016,20:52,20:58,,,,,,,,,,,,,,,,,,,,,,,,,,,,,,,,,,,,,,,,,,,,,,,,,,,,,,,,,,,,,,,,,,,,
07/02/2016,12:20,12:30,,,4;5;164,,,,,,,,,,,,,,,,,,,,,,,,,,,,,,,,,,,,,,,,,,,,,,,,,,,,,,,,,,,,,,,,,
7/3/2016,15:55,16:17,,,,,,,,,,,,,,,,,,,2.2;20:05;164,,,,,,,,,,,,,,,,,,,,,,,,,,,,,,,,,,,,,,,,,,,,,,,,,
7/3/2016,17:36,18:36,,,8;5;164,,,,,,,,,,,,,,,,,,,,,,,,,,,,,,,,,,,,,,,,,,,,,,,,,,,,,,,,,,,,,,,,,
7/4/2016,14:36,14:42,,,4;5;164,,,,,,,,,,,,,,,,,,,,,,,,,,,,,,,,,,,,,,,,,,,,,,,,,,,,,,,,,,,,,,,,,
7/6/2016,14:30,15:00,,,,,,,,,,,,,,,,,,,2.2;19:11;164,,,,,,,,,,,,,,,,,,,,,,,,,,,,,,,,,,,,,,,,,,,,,,,,,
7/9/2016,20:20,20:35,,,4;7;164,,,,,,,,,,,,,,,,,,,,,,,,,,,,,,,,,,,,,,,,,,,,,,,,,,,,,,,,,,,,,,,,,
7/18/2016,19:33,19:42,,,4;5;164,,,,,,,,,,,,,,,,,,,,,,,,,,,,,,,,,,,,,,,,,,,,,,,,,,,,,,,,,,,,,,,,,
7/19/2016,16:15,16:48,,,,,,,,,,,,,,,,,,,2.24;26:56;164,,,,,,,,,,,,,,,,,,,,,,,,,,,,,,,,,,,,,,,,,,,,,,,,,
7/20/2016,15:00,15:30,,,,,,,,,,,,,,,,,,,2.24;20:39;164,,,,,,,,,,,,,,,,,,,,,,,,,,,,,,,,,,,,,,,,,,,,,,,,,
7/22/2016,14:30,15:00,,,,,,,,,,,,,,,,,,,0.5;4:32;164||0.5;2:28;164||0.5;2:53;164||0.5;5:07;164,,,,,,,,,,,,,,,,,,,,,,,,,,,,,,,,,,,,,,,,,,,,,,,,,
7/24/2016,20:39,21:22,,,3;5;164,,,,,,,,,,,,,,,,,,,,,,,,,,,,,,,,,,,,,,,,,,,1;5;164,1;5;164,1;5;164,1;5;164,1;5;164,1;5;164,1;5;164,1;5;164,,,1;10;164,1;10;164,1;10;164,1;10;164,1;10;164,3;5;164,3;5;164,,,,,,
7/25/2016,14:49,15:15,,,,,,,,,,,,,,,,,,,2.24; 23:03;164,,,,,,,,,,,,,,,,,,,,,,,,,,,,,,,,,,,,,,,,,,,,,,,,,
7/26/2016,19:50,20:25,,,1;5;164,,,,,,,,,,,,,,,,,,,,,,,,,,,,,,,,,,,,,,,,,,,1;5;164,1;5;164,1;5;164,1;5;164,1;5;164,1;5;164,1;5;164,1;5;164,,,1;10;164,1;10;164,1;10;164,1;10;164,1;10;164,1;5;164||1;10;164,1;5;164||1;10;164,,,,,,
7/30/2016,19:48,20:30,,,4;5;164,,,,,,,,,,,,,,,,,,,,,,,,,,,,,,,,,,,,,,,,,,,1;5;164,1;5;164,1;5;164,1;5;164,1;5;164,1;5;164,1;5;164,1;5;164,,,1;5;164,1;5;164,1;5;164,1;5;164,1;5;164,3;10;164,3;10;164,3;5;165,3;5;164,,,,
07/31/2016,17:20,17:45,,,,,,,,,,,,,,,,,,,2.24;24:25;164,,,,,,,,,,,,,,,,,,,,,,,,,,,,,,,,,,,,,,,,,,,,,,,,,
08/01/2016,17:15,18:15,,,4;5;164,,,,,,,,,,,,,,,,,,,,,,,,,,,,,,,,,,,,,,,,,,,1;6;164,1;6;164,1;6;164,1;6;164,1;6;164,1;6;164,1;6;164,1;6;164,,,1;15;164,1;15;164,1;15;164,1;15;164,1;15;164,3;15;164,3;15;164,,,,3;5;164,3;15;164,
08/02/2016,15:30,16:00,,,,,,,,,,,,,,,,,,,2.24;22:03;164,,,,,,,,,,,,,,,,,,,,,,,,,,,,,,,,,,,,,,,,,,,,,,,,,
08/03/2016,20:17,20:56,,,3;5;164,,,,,,,,,,,,,,,,,,,,,,,,,,,,,,,,,,,,,,,,,,,1;5;164,1;5;164,1;5;164,1;5;164,1;5;164,1;5;164,1;5;164,1;5;164,,,1;5;164,1;5;164,1;5;164,1;5;164,1;5;164,3;10;164,3;10;164,,,,,,3;10;164
08/04/2016,14:25,14:51,,,,,,,,,,,,,,,,,,,2.24;21:51;164,,,,,,,,,,,,,,,,,,,,,,,,,,,,,,,,,,,,,,,,,,,,,,,,,
08/06/2016,18:26,19:21,,,3;5;164,,,,,,,,,,,,,,,,,,,,,,,,,,,,,,,,,,,,,,,,,,,1;5;164,1;5;164,1;5;164,1;5;164,1;5;164,1;5;164,1;5;164,1;5;164,,,1;5;164,1;5;164,1;5;164,1;5;164,1;5;164,3;10;164,3;10;164,,,,,,3;10;164
08/07/2016,12:08,12:30,2;20;164,,,,,,,,,,,,,,,,,,,,,,,,,,,,,,,,,,,,,,,,,,,,,1;5;164,1;5;164,1;5;164,1;5;164,1;5;164,1;5;164,1;10;164,1;5;164,,,,,,,,,,,,,,,
08/07/2016,13:33,14:24,3;20;164,,,,,,,,,,,,,,,,,,,,,,,,,,,,,,,,,,,,,,,,,,,,,,,,,,,,,,,,,,,,,,,,,,,
08/09/2016,20:17,20:36,,,,,,,,,,,,,,,,,,,,,,,,,,,,,,,,,,,,,,,,,,,,,,1;5;164,1;5;164,1;5;164,1;5;164,1;5;164,1;5;164,1;10;164,1;5;164,1;5;164,1;5;164,1;15;164,1;15;164,1;15;164,1;15;164,1;15;164,,,,,,,,
08/10/2016,14:30,15:00,,,,,,,,,,,,,,,,,,,2.5;25:55;164,,,,,,,,,,,,,,,,,,,,,,,,,,,,,,,,,,,,,,,,,,,,,,,,,
08/11/2016,14:30,15:00,,,,,,,,,,,,,,,,,,,2.24;21:01;164,,,,,,,,,,,,,,,,,,,,,,,,,,,,,,,,,,,,,,,,,,,,,,,,,
08/12/2016,14:30,15:00,,,,,,,,,,,,,,,,,,,2.24;19:50;164,,,,,,,,,,,,,,,,,,,,,,,,,,,,,,,,,,,,,,,,,,,,,,,,,
08/13/2016,16:33,15:35,,,3;5;164,,,,,,,,,,,,,,,,,,,,,,,,,,,,,,,,,,,,,,,,,,,1;5;164,1;5;164,1;5;164,1;5;164,1;5;164,1;5;164,1;10;164,1;5;164,1;5;164,1;5;164,1;15;164,1;15;164,1;15;164,1;15;164,1;15;164,3;10;164,3;10;164,3;5;164,,3;5;164,3;5;164,3;5;164,3;5;164
08/15/2016,15:40,14:30,,,,,,,,,,,,,,,,,,0.8;5:39;164||0.8;6:28;164,0.5;4:28;164,,,,,,,,,,,,,,,,,,,,,,,,,,,,,,,,,,,,,,,,,,,,,,,,,
08/16/2016,17:16,17:50,2;25;164,,,,,,,,,,,,,,,,,,,,,,,,,,,,,,,,,,,,,,,,,,,,,1;5;164,1;5;164,1;5;164,1;5;164,1;5;164,1;5;164,1;10;164,1;5;164,1;5;164,1;5;164,,,,,,,,,,3;5;164,,,
08/17/2016,14:35,15:08,,,,,,,,,,,,,,,,,,0.8;6:00;164||0.8;6:23;164,0.5;05:27;164||0.5;6:19;164,,,,,,,,,,,,,,,,,,,,,,,,,,,,,,,,,,,,,,,,,,,,,,,,,
08/19/2016,14:45,15:15,,,,,,,,,,,,,,,,,,0.8;6:13;164||.08;6:19;164,0.5;4:06;164,,,,,,,,,,,,,,,,,,,,,,,,,,,,,,,,,,,,,,,,,,,,,,,,,
08/21/2016,19:17,20:21,,,3;5;164,,,,,,,,,,,,,,,,,,,,,,,,,,,,,,,,,,,,,,,,,,,1;10;164,1;10;164,1;10;164,1;10;164,1;10;164,1;10;164,1;10;164,1;10;164,1;5;164,1;5;164,1;20;164,1;20;164,1;10;164,1;15;164,1;10;164,1;5;164,1;5;164,3;5;164,,3;5;164,3;5;164,3;5;164,3;5;164
08/22/2016,18:36,18:58,2;25;164,,,,,,,,,,,,,,,,,,,,,,,,,,,,,,,,,,,,,,,,,,,,,,,,,,,,,,,,,,,,,,,,,,,
08/24/2016,14:30,15:00,,,,,,,,,,,,,,,,,,0.8;5:37;164||0.8;6:25;164,0.5;3:46;164,,,,,,,,,,,,,,,,,,,,,,,,,,,,,,,,,,,,,,,,,,,,,,,,,
08/25/2016,14:45,15:20,,,,,,,,,,,,,,,,,,0.8;6:03;164||0.8;6:13;164,0.5;4:35;164,,,,,,,,,,,,,,,,,,,,,,,,,,,,,,,,,,,,,,,,,,,,,,,,,
08/26/2016,14:30,15:10,,,,,,,,,,,,,,,,,,0.8;6:02;164||0.8;6:41;164,0.5;3:33;164,,,,,,,,,,,,,,,,,,,,,,,,,,,,,,,,,,,,,,,,,,,,,,,,,
08/27/2016,19:40,21:41,,,2;5;164,,,,,,,,,,,,,,,,,,,,,,,,,,,,,,,,,,,,,,,,,,,1;10;164,1;10;164,1;10;164,1;10;164,1;10;164,1;10;164,1;10;164,1;10;164,1;10;164,1;10;164,1;20;164,1;20;164,1;20;164,1;20;164,1;20;164,2;10;164,2;10;164,,,,,,
08/28/2016,13:48,14:08,,,3;6;164||1;7;164,,,,,,,,,,,,,,,,,,,,,,,,,,,,,,,,,,,,,,,,,,,,,,,,,,,,,,,,,,,,,,,,,
08/28/2016,16:04,16:30,4;10;164,,,,,,,,,,,,,,,,,,,,,,,,,,,,,,,,,,,,,,,,,,,,,,,,,,,,,,,,,,,,,,2;5;164,,,,,
08/29/2016,14:24,15:19,,,3;5;164,,,,,,,,,,,,,,,,,,,,,,,,,,,,,,,,,,,,,,,,,,,1;10;164,1;10;164,1;10;164,1;10;164,1;10;164,1;10;164,1;10;164,1;10;164,1;10;164,1;10;164,1;20;164,1;10;164,1;10;164,1;10;164,1;10;164,2;10;164,2;10;164,3;5;164,,3;5;164,3;5;164,3;10;164,3;5;164
08/31/2016,14:50,15:24,,,,,,,,,,,,,,,,,,0.8;5:55;164||0.8;6:31;164,0.5;3:59;164,,,,,,,,,,,,,,,,,,,,,,,,,,,,,,,,,,,,,,,,,,,,,,,,,
09/01/2016,14:50,15:24,,,,,,,,,,,,,,,,,,0.8;5:53;164||0.8;6:17;164,0.5;3:49;164,,,,,,,,,,,,,,,,,,,,,,,,,,,,,,,,,,,,,,,,,,,,,,,,,
09/03/2016,16:00,16:30,2;25;164,,,,,,,,,,,,,,,,,,,,,,,,,,,,,,,,,,,,,,,,,,,,,,,,,,,,,,,,,,,,,,,,,,,
09/04/2016,16:20,17:15,,,,,,,,,,,,,,,,,,1.0;7:25;164||1.0;9:20;164,0.5;3:44;164,,,,,,,,,,,,,,,,,,,,,,,,,,,,,,,,,,,,,,,,,,,,,,,,,
09/04/2016,18:20,19:10,1;20;164||1;15;164||1;10;164||1;5;164,,2;5;164,,,,,,,,,,,,,,,,,,,,,,,,,,,,,,,,,,,,,,,,,,,,,,,,,,,,,,,,,,,,,,,,,
09/06/2016,14:00,14:30,,,,,,,,,,,,,,,,,,,2.29;25:24;164,,,,,,,,,,,,,,,,,,,,,,,,,,,,,,,,,,,,,,,,,,,,,,,,,
09/06/2016,17:39,19:13,5;10;164,,,,,,,,,,,,,,,,,,,,,,,,,,,,,,,,,,,,,,,,,,,,,,,,,,,,,,,,,,,,,,5;10;164,,,,,
09/07/2016,14:20,14:55,,,6;5;164,,,,,,,,,,,,,,,,,,,,,,,,,,,,,,,,,,,,,,,,,,,,,,,,,,,,,,,,,,,,,,,,,
09/08/2016,20:15,20:30,,,3;5;164,,,,,,,,,,,,,,,,,,,,,,,,,,,,,,,,,,,,,,,,,,,,,,,,,,,,,,,,,,,,,,,,,
09/10/2016,14:32,15:38,,,6;5;164,,,,,,,,,,,,,,,1.0;8:26;164||1.0;8:53;164,0.5;3:45;164,,,,,,,,,,,,,,,,,,,,,,,,,,,1;10;164,1;10;164,,,,,1;10;164,,,,,,,,,,,,,,,,
09/10/2016,17:20,18:00,,,,,,,,,,,,,,,,,,,,,,,,,,,,,,,,,,,,,,,,,,,,,,,,,,,,,,,,,,,,,,,,,,,,
09/11/2016,11:05,11:18,,,5;5;164,,,,,,,,,,,,,,,,,,,,,,,,,,,,,,,,,,,,,,,,,,,,,,,,,,,,,,,,,,,,,,,,,
09/11/2016,13:07,13:23,,,4;5;164,,,,,,,,,,,,,,,,,,,,,,,,,,,,,,,,,,,,,,,,,,,,,,,,,,,,,,,,,,,,,,,,,
09/12/2016,15:10,15:39,,,,,,,,,,,,,,,,,,,0.5;4:38;164||0.85;7:31;164||0.74;6:57;164,,,,,,,,,,,,,,,,,,,,,,,,,,,,,,,,,,,,,,,,,,,,,,,,,
09/12/2016,18:11,18:59,,,5;5;164,,,,,,,,,,,,,,,,,,,,,,,,,,,,,,,,,,,,,,,,,,,,,,,,,,,,,,,,,,,,,,,,,
09/13/2016,15:41,19:03,,,4;20;164,,,,,,,,,,,,,,,,,,,,,,,,,,,,,,,,,,,,,,,,,,,,,,,,,,,,,,,,,,,,,,,,,
09/14/2016,14:30,15:06,,,,,,,,,,,,,,,,,,,2.09;23;41;164,,,,,,,,,,,,,,,,,,,,,,,,,,,,,,,,,,,,,,,,,,,,,,,,,
09/15/2016,16:11,16:30,,,2;5;164,,,,,,,,,,,,,,,,,,,,,,,,,,,,,,,,,,,,,,,,,,,,,,,,,,,,,,,,,,,,,,,,,
09/15/2016,21:15,21:18,,,,,,,,,,,,,,,,,,,,,,,,,,,,,,,,,,,,,,,,,,,,,,,,,,,,1;5;164,,,,,,,,,,,,,,,,
09/24/2016,17:20,18:51,,,3;5;164,,,,,,,,,,,,,,,,,,,,,,,,,,,,,,,,,,,,,,,,,,,1;10;164,1;10;164,1;10;164,1;10;164,1;10;164,1;10;164,1;10;164,1;10;164,1;10;164,1;10;164,1;10;164,1;10;164,1;10;164,1;10;164,1;10;164,3;10;164,3;10;164,1;5;164,,3;5;164,3;5;164,3;5;164,3;5;164
09/25/2016,19:17,19:57,,5;10;164,3;5;164,,,,,,,,1;5;164,,,,,,,,,,,,,,,,,,,,,,,,,,,,,,,,,,,1;10;164,1;10;164,,,,,1;10;164,,,,,,,,,,,,,,,,
09/27/2016,20:06,20:56,,3;15;164,,,,,,,,,,,,,,,,,,,,,,,,,,,,,,,,,,,,,,,,,,,,,,,,,,,,,,,,,,,,,,,,,,
09/29/2016,20:05,21:22,,4;15;167,,,,,,,,,,,,,,,,,,,,,,,,,,,,,,,,,,,,,,,,,,,,,,,,,,,,,,,,,,,,,,,,,,
09/30/2016,14:22,15:06,,2;15;167,,,,,,,,,,,,,,,,,,,,,,,,,,,,,,,,,,,,,,,,,,,,,,,,,,,,,,,,,,,,,,,,,,
10/1/2016,15:50,16:20,,,,,,,,,,,,,,,,,0.5;4:22;164,,,4;6;135,,,,,,,,,,,,,,,2;6;25,,4;5;95,,,,,,,,,,,,,,,,,,,,,,,,,,,,,,,
10/4/2016,5:10,5:50,,,2;5;164,,,,,,,,,,,,,,,,,,3;10;35,,2;5;95,,,,,,,,,,3;10;50,,,,,,,,,,,,4;5;145,,,,,,,1;10;164,,,,1;30;164,,,,,,,,,,,,
10/5/2016,5:10,5:55,,,3;8;164,,,,,,,,,,,,,,,,,,,,,,,,,,,,,,,,,,,,3;8;25,,,,,3;8;95,,,,1;5;164,,,,1;5;164,,,,,,,,,,,,,,,,
10/8/2016,6:12,6:44,,,,,,,,,,,,,,,,,,,,2;8;155||1;8;135,3;8;42.5,,3;8;85,,,,,,,,,,,,,,,,,,,,,,,,,,,,,,,,,,,,,,,,,,,,,
10/11/2016,5:05,5:44,,,3;8;164,,,,,,,,,,,,,,,,,,,,,,,,,,,,,,,,,,,,3;8;30,,,,,2;8;95||1;8;105,,,,,,,,,,,,,,,,,,,,,,,,
10/15/2016,6:30,7:01,,,,,,,,,,,,,,,,,,,,2;8;135||1;8;155,3;8;100,,3;8;95,,,,,,,,,,,,,,,,,,,,,,,,,,,,,,,,,,,,,,,,,,,,,
10/17/2016,5:15,5:55,,,3;8;164,,,,,,,,,,,,,,,,,,,,,,,,,,,,,,,,,,,,3;8;40,,,,,3;8;115,,,,,,,,,,,,,,,,,,,,,,,,
10/20/2016,5:15,6:00,,,,,,,,,,,,,,,,,,,,3;8;135,3;8;100,,1;8;105||1;8;95,,,,,,,1;8;180,,,,,,,,,,,,,,,,,,,,,,,,,,,,,,,,,,,,,,
10/22/2016,8:10,8:42,,,3;8;164,,,,,,,,,,,,,,,,,,,,,,,,,,,,,,,,,,,,3;8;45,,,,,2;8;115||3;8;125,,,,,,,,,,,,,,,,,,,,,,,,
10/23/2016,5:10,5:45,,,,,,,,,,,,,,,,,,,,3;8;135,,,1;8;115,,,,,,,,,,,,,,3;8;95,,,,,,,,,,,,,,,,,,,,,,,,,,,,,,,
10/26/2016,5:10,5:50,,,3;8;164,,,,,,,,,,,,,,,,,,,,,,,,,,,,,,,,,,,,1;7;50||2;9;40,,,,,2;8;115||1;8;135,,,,,,,,,,,,,,,,,,,,,,,,
10/29/2016,23:12,23:59,,,2;5;164,,,,,,,,,,,,,,,,,,,,,,,,,,,,,,,,,,,,,,,,,,,,,,,,,,,,,,,,,,,,,,,,,
10/31/2016,17:55,19:30,,1;20;164,3;8;164||3;5;164,,,,,,,,,,,,,,,,,,,,,,,,,,,,,,,,,,,,,,,,,,,,,,,,,,,,,,,,,,,,,,1;10;164,,,
11/5/2016,9:08,9:30,2;20;164,,,,,,,,,,,,,,,,,,,,,,,,,,,,,,,,,,,,,,,,,,,,,,,,,,1;10;164,,,,,,,,,,,,,,,,,
11/7/2016,13:30,14:30,,,3;8;164,,,,,,,,,,,,,,,,,,3;8;120,,2;8;95||1;8;115,,,,,,,,,,1;8;40||2;8;45||1;8;50,,3;8;25,,,,,,,,,,,,,,,,,,,,,,,,,,,,,,,,,
11/15/2016,5:00,5:45,,,,,,,,,,,,,,,,,,,,,,,,,,,,,,,,,,,,,,,3;8;35,,,,,3;8;95,,,,,,,,,,,,,,,,,,,,,,,,
11/16/2016,5:20,6:00,,,,,,,,,,,,,,,,,,,,3;8;135,3;8;100,,3;8;95,,,,,,,,,,,,,,,,,,,,,,,,,,,,,,,,,,,,,,,,,,,,,
11/18/2016,8:07,8:09,1;25;164,,,,,,,,,,,,,,,,,,,,,,,,,,,,,,,,,,,,,,,,,,,,,,,,,,,,,,,,,,,,,,,,,,,
11/19/2016,20:56,21:43,,1;25;164||2;15;164,,,,,,,,,,,,,,,,,,,,,,,,,,,,,,,,,,,,,,,,,,,,,,,,,,,,,,,,,,,,,,,,,,
11/21/2016,7:50,8:08,,2;15;164,2;6;164,,,,,,,,,,,,,,,,,,,,,,,,,,,,,,,,,,,,,,,,,,,,,,,,,,,,,,,,,,,,,,,,,
11/22/2016,7:50,8:02,,2;15;164,,,,,,,,,,,,,,,,,,,,,,,,,,,,,,,,,,,,,,,,,,,,,,,,,,,,,,,,,,,,,,,,,,
11/26/2016,11:40,12:15,,,3;8;164,,,,,,,,,,,,,,,,,,,,,,,,,,,,,,,,,,,,3;8;35,,,,,3;8;95,,,,,,,,,,,,,,,,,,,,,,,,
11/27/2016,18:42,19:30,,4;20;164||4;5;164,,,,,,,,,,,,,,,,,,,,,,,,,,,,,,,,,,,,,,,,,,,,,,,,,5;5;164,,,,,,,,,,,,,,,,,
11/28/2016,18:06,18:30,,1;20;164||1;5;164,,,,,,,,,,,,,,,,,,,,,,,,,,,,,,,,,,,,,,,,,,,,,,,,,1;5;164,,,,,,,,,,,,,,,1;25;164,,
11/28/2016,20:34,20:52,,1;20;164||1;5;164,,,,,,,,,,,,,,,,,,,,,,,,,,,,,,,,,,,,,,,,,,,,,,,,,1;5;164,,,,,,,,,,,,,,,1;25;164,,
12/2/2016,5:06,5:53,,,,,,,,,,,,,,,,,,,,4;5;135||1;5;155,,,1;5;45||3;5;95||1;5;115,,,,,,,,,,,,,,5;5;95,,,,,,,,,,,,,,,,,,,,,,,,,,,,,,,
12/3/2016,11:56,13:30,,2;5;164||4;10;164||2;15;164,,,,,,,,,,,,,,,,,,,,,,,,,,,,,,,,,,,,,,,,,,,,,,,,,,,,,,,,,,,,,,,,2;25;164,,
12/3/2016,19:30,19:43,,,,,,,,,,,,,,,,,,,,,,,,,,,,,,,,,,,,,,,,,,,,,,,,,,,,,,,,,,,,,,,,,3;5;164||1;10;164,,,
12/05/2016,5:10,5:56,,,5;5;164,,,,,,,,,,,,,,,,,,,,,,,,,,,,,,,,,,,,1;4;45||4;5;35,,,,,1;5;45||3;5;95||1;5;115,,,,,,,,,,,,,,,,,,,,,,,,
12/07/2016,5:10,5:47,,,,,,,,,,,,,,,,,,,,3;5;135||2;5;155,2;5;100||3;5;120,,,,,,,,,,,,,,,,,1;5;50||2;5;70||2;5;90,,,,,,,,,,,,,,,,,,,,,,,,,,,,,,
12/09/2016,5:45,6:15,,2;25;165,,,,,,,,,,,,,,,,,,,,,,,,,,,,,,,,,,,,,,,,,,,,,,,,,1;10;164,1;10;164,1;10;164,,,,,,,,,,,,3;5;165,2;25;165,,
12/13/2016,5:21,6:00,,2;20;165||1;10;165,,,,,,,,,,,,,,,,,,,,,,,,,,,,,,,,,,,,,,,,,,,,,,,,,1;10;165,1;10;165,,,,,,,,,,,,,1;10;165,2;20;165||1;10;165,,
12/15/2016,7:36,8:02,2;25;165,,,,,,,,,,,,,,,,,,,,,,,,,,,,,,,,,,,,,,,,,,,,,,,,,,1;10;165,1;10;165,1;10;165,,,,,,,,,,,,,2;25;165,,
12/17/2016,7:35,8:45,1;25;165,,5;5;165,,,,,,,,,,,,,,,,,,,,,,,,,,,,,,,,,,,,,,,,,,,,,,,,1;10;165,1;10;165,1;10;165,,,,,,,,,,,,5;5;164,1;25;165,,
12/17/2016,23:30,23:40,,,2;5;165,,,,,,,,,,,,,,,,,,,,,,,,,,,,,,,,,,,,,,,,,,,,,,,,,,,,,,,,,,,,,,,,,
12/19/2016,8:33,8:38,,,2;5;165,,,,,,,,,,,,,,,,,,,,,,,,,,,,,,,,,,,,,,,,,,,,,,,,1;10;165,,,,,,,,,,,,,,,,,
12/20/2016,5:15,5:39,,,5;5;165,,,,,,,,,,,,,,,,,,,,,,,,,,,,,,,,,,,,2;5;25||3;5;30,,,,,3;5;95||2;5;115,,,,,,,,,,,,,,,,,,,,,,,,
12/22/2016,6:30,7:37,,2;25;165,1;7;165||2;6;165||1;8;165,,,,,,,,,,,,,,,,,,,,,,,,,,,,,,,,,,,,,,,,,,,,,,,,1;10;165,,,,,,,,,,,,,,,,,
12/25/2016,10:00,10:33,,2;25;165,,,,,,,,,,,,,,,,,,,,,,,,,,,,,,,,,,,,,,,,,,,,1;10;165,,,,,,,,,,,,,,,,,,,,2;25;165,,
12/28/2016,19:07,21:14,,4;25;165,,,,,,,,,,,,,,,,,,,,,,,,,,,,,,,,,,,,,,,,,,,,1;10;165,,,,,,1;10;165,,,,,,,,,,,,,,,,
12/29/2016,11:17,11:46,,1;25;165||1;15;165||1;10;165,,,,,,,,,,,,,,,,,,,,,,,,,,,,,,,,,,,,,,,,,,,,1;10;165,1;10;165,,,,,1;10;165,,,,,,,,,,,,,,2;25;165,,
12/29/2016,19:02,19:05,,1;20;165,,,,,,,,,,,,,,,,,,,,,,,,,,,,,,,,,,,,,,,,,,,,,,,,,,,,,,,,,,,,,,,,,,
01/01/2017,12:45,13:03,,,,,,,,,,,,,,,,,,,,,,,,,,,,,,,,,,,,,,,,,,,,,,1;10;165,1;10;165,,,,1;10;165,1;10;165,1;10;165,1;10;165,,,,,,,,,,,,,,
01/01/2017,13:44,15:08,,,6;5;165||2;8;165||1;4;165,,,,,,,,,,,,,,,,,,,,,,,,,,,,,,,,,,,,,,,,,,,,,,,,,,,,,,,,,,,,,,,,,
01/02/2017,6:50,7:00,,,,,3;5;165,3;5;165,,,,,,,,,,,,,,,,,,,,,,,,,,,,,,,,,,,,,,,,,,,,,,,,,,,,,,,,,,,,,,
01/02/2017,15:15,16:20,2;20;165,,,,,,,,,,,,,,,,,,,,,,,,,,,,,,,,,,,,,,,,,,,,,1;10;165,1;10;165,,,,1;10;165,1;10;165,1;10;165,1;10;165,,,,,,,,,,,1;10;165,2;25;165,,
01/03/2017,6:05,6:08,,,,,3;5;165,3;5;165,,,,,,,,,,,,,,,,,,,,,,,,,,,,,,,,,,,,,,,,,,,,,,,,,,,,,,,,,,,,,,
01/04/2017,5:59,6:07,,,,,5;1;165,3;5;165,1;5;165,,,,,,,,,,,,,,,,,,,,,,,,,,,,,,,,,,,,,,,,,,,,,,,,,,,,,,,,,,,,,
01/07/2017,19:12,19:35,,,,,,,1;5;165,,,,,,,,,,,,,,,,,,,,,,,,,,,,,,,,,,,,,,,,,,,,,,1;10;165,,,,,,,,,,,,,3;25;165,,
01/08/2017,20:17,21:08,,,,,,,,,,,,,,,,,,,,,,,,,,,,,,,,,,,,,,,,,,,,,,,,,,,,,1;10;165,,,,,,,,,,,,,2;25;165,,
01/10/2017,4:54,5:27,,2;25;165,,,5;1;165,3;3;165,1;5;165,1;5;165,1;5;165,,1;5;165,1;5;165,,,,,,,,,,,,,,,,,,,,,,,,,,,,,,,,,,,,,,,,,,,,,,,,,,,,,,,,
01/10/2017,18:15,18:47,,,3;5;165,,,,,1;5;165,1;5;165,1;5;165,,,,,,,,,,,,,,,,,,,,,,,,,,,,,,,,,,,,,,,,,1;10;165,,,,,,,,,,,,,,,,,
01/11/2017,4:49,5:15,,,,,5;1;165,3;1;165,1;3;165,1;5;165,1;5;165,,1;5;165,,,,,,,,,,,,,,,,,,,,,,,,,,,,,,,,,,,,,,,,,,,,,,,,,,,,,,,,,
01/11/2017,18:59,19:09,,,3;5;165,,,,,1;5;165,1;5;165,,,,,,,,,,,,,,,,,,,,,,,,,,,,,,,,,,,,,,,,,,,,,,,,,,,,,,,,,,,
1/12/2017,4:40,4:53,,,,,5;1;165,3;3;165,1;3;165,1;5;165,1;5;165,,,,,,,,,,,,,,,,,,,,,,,,,,,,,,,,,,,,,,,,,,,,,,,,,,,,,,,,,,,
1/12/2017,20:15,20:37,,,3;5;165,,,,,1;5;165,1;5;165,,,,,,,,,,,,,,,,,,,,,,,,,,,,,,,,,,,,,,,,,,,,,,,,,,,,,,,,,,,
1/13/2017,4:45,5:10,,,,,5;1;165,3;3;165,,1;5;165,1;5;165,,,1;5;165,,,,,,,,,,,,,,,,,,,,,,,,,,,,,,,,,,,,,,,,,,,,,,,,,,,,,,,,
01/13/2017,19:30,19:35,,,,,,,,1;5;165,1;5;165,,,,,,,,,,,,,,,,,,,,,,,,,,,,,,,,,,,,,,,,,,,,,,,,,,,,,,,,,,,
01/14/2017,6:10,6:19,,,,,5;1;165,3;5;165,,1;5;165,1;5;165,,,,,,,,,,,,,,,,,,,,,,,,,,,,,,,,,,,,,,,,,,,,,,,,,,,,,,,,,,,
01/14/2017,23:14,23:24,,,,,5;1;165,,,1;5;165,1;5;165,,,,,,,,,,,,,,,,,,,,,,,,,,,,,,,,,,,,,,,,,,,,,,,,,,,,,,,,,,,
01/15/2017,17:18,17:37,,,,,,,,1;5;165,1;5;165,,,,,,,,,,,,,,,,,,,,,,,,,,,,,,,,,,,,,1;10;165,,,,,1;10;165,1;10;165,,,,,,,,,,,,,,,,
01/15/2017,17:53,18:55,,,6;5;165,,,,,,,,,,,,,,,,,,,,,,,,,,,,,,,,,,,,,,,,,,,,,,,,,,,,,,,,,,,,,,,,,
01/16/2017,7:49,7:55,,,,,5;1;165,3;5;165,,1;5;165,1;5;165,,,,,,,,,,,,,,,,,,,,,,,,,,,,,,,,,,,,,,,,,,,,,,,,,,,,,,,,,,,
01/16/2017,20:04,20:35,,2;10;165||2;15;165,,1;5;165,5;1;165,,1;3;165,1;5;165,1;5;165,,,,,,,,,,,,,,,,,,,,,,,,,,,,,,,,,,,,,,,,,,,,,,,,,,,,,,,,,,,
01/17/2017,8:16,8:24,,,,,5;1;165,2;5;165,,1;5;165,1;5;165,,1;5;165,,,,,,,,,,,,,,,,,,,,,,,,,,,,,,,,,,,,,,,,,,,,,,,,,,,,,,,,,
01/17/2017,18:50,19:05,,,,,5;1;165,3;4;165,1;10;165,1;5;165,1;5;165,,1;5;165,,,,,,,,,,,,,,,,,,,,,,,,,,,,,,,,,,,,,,,,,,,,,,,,,,,,,,,,,
01/18/2017,8:36,8:40,,,,,,,,1;5;165,1;5;165,,,,,,,,,,,,,,,,,,,,,,,,,,,,,,,,,,,,,,,,,,,,,,,,,,,,,,,,,,,
01/18/2017,18:22,18:48,,,,,5;1;165,,,1;5;165,1;5;165,,,,,,,,,,,,,,,,,,,,,,,,,,,,,,,,,,,,,,,,,,1;10;165,1;10;165,,,,,,,,,,,,,,,,
01/19/2017,7:36,7:48,,,,,3;2;165,3;5;165,1;10;165,1;5;165,1;5;165,,1;5;165,,,,,,,,,,,,,,,,,,,,,,,,,,,,,,,,,,,,,,,,,,,,,,,,,,,,,,,,,
01/19/2017,19:26,19:56,,1;20;165||1;15;165||1;10;165||1;5;165,,,,,,1;5;165,1;5;165,,,,,,,,,,,,,,,,,,,,,,,,,,,,,,,,,,,,,,1;10;165,,,,,1;10;165,,,,,,,,,,,,,,,,
1/20/2017,7:40,8:02,,1;20;165,,,5;1;165,3;3;165,1;10;165,1;5;165,1;5;165,,,,,,,,,,,,,,,,,,,,,,,,,,,,,,,,,,,,,,,,,,,,,,,,,,,,,,,,,1;20;165,,
1/21/2017,13:09,13:55,,1;20;165||1;15;165,1;8;165,,5;1;165,3;3;165,1;10;164,1;5;165,1;5;165,,1;5;165,,,,,,,,,,,,,,,,,,,,,,,,,,,,,,,,,,,1;10;165,1;10;165,,,,1;10;165,1;10;165,,,,,,,,,,,,,,1;20;165,,
1/23/2017,7:40,7:49,,,,,5;1;165,3;3;165,,1;5;165,1;5;165,,,,,,,,,,,,,,,,,,,,,,,,,,,,,,,,,,,,,,,,,,,,,,,,,,,,,,,,,,,
1/24/2017,7:14,7:30,,,,,5;1;165,3;3;165,1;5;165,1;5;165,1;5;165,,,,,,,,,,,,,,,,,,,,,,,,,,,,,,,,,,,,,,,,,,,,,,,,,,,,,,,,,,,
1/25/2017,13:34,13:55,,,,,5;1;165,3;4;165,1;10;165,1;5;165,1;5;165,,,,,,,,,,,,,,,,,,,,,,,,,,,,,,,,,,,,,,,,,,,,,,,,,,,,,,,,,,,
1/28/2017,15:30,16:03,,,,,5;1;165,2;3;165,1;10;165,1;5;165,1;5;165,1;5;165,1;5;165,1;10;165,,,,,,,,,,,,,,,,,,,,,,,,,,,,,,,,,,,,,,,1;10;165,1;10;165,,,,,,,,,,,,,,,,
1/30/2017,8:12,8:17,,,,,,,1;10;165,,,,,1;5;165,,,,,,,,,,,,,,,,,,,,,,,,,,,,,,,,,,,,,,,,,,,,,,,,,,,,,,,,
1/31/2017,7:22,7:48,,1;20;165,,,5;1;165,3;3;165,1;10;165,1;5;165,1;5;165,,1;5;165,,,,,,,,,,,,,,,,,,,,,,,,,,,,,,,,,,,,,,,,1;10;165,1;10;165,,,,,,,,,,,,,,,,
2/1/2017,19:05,19:08,,,,,,,,1;5;165,1;5;165,,,,,,,,,,,,,,,,,,,,,,,,,,,,,,,,,,,,,,,,,,,,,,,,,,,,,,,,,,,
2/2/2017,5:25,5:30,,,,,,,,,1;5;165,,,,,,,,,,,,,,,,,,,,,,,,,,,,,,,,,,,,,,,,,,,,,,,,,,,,,,,,,,,
2/2/2017,7:15,7:30,,,1;6;165||1;7;165||1;10;165,,,,,,,,,,,,,,,,,,,,,,,,,,,,,,,,,,,,,,,,,,,,,,,,,,,,,,,,,,,,,,,,,
2/3/2017,19:28,19:36,,,,,5;1;165,3;3;165,,1;5;165,1;5;165,,,,,,,,,,,,,,,,,,,,,,,,,,,,,,,,,,,,,,,,,,,,,,,,,,,,,,,,,,,
2/4/2017,10:42,11:26,,1;20;165||1;15;165,1;7;165,,5;1;165,3;3;165,1;5;165,1;5;165,1;5;165,,1;5;165,,,,,,,,,,,,,,,,,,,,,,,,,,,,,,,,,,,,,,,,,,,,,,,,,,,,,,,,,
2/6/2017,7:55,8:19,,,2;5;165||1;7;165||1;8;165,,5;1;165,3;5;165,,1;5;165,1;5;165,,,,,,,,,,,,,,,,,,,,,,,,,,,,,,,,,,,,,,,,,,,,,,,,,,,,,,,,,,,
2/8/2017,8:09,8:30,,,1;10;158||1;7;158||1;5;158,,5;1;158,3;5;158,1;10;158,1;5;158,1;5;158,,,,,,,,,,,,,,,,,,,,,,,,,,,,,,,,,,,,,,,,,,,,,,,,,,,,,,,,,,,
2/9/2017,8:02,8:18,,,1;10;158||1;5;158,,3;1;158,3;3;158,1;5;158,1;5;158,1;5;158,,1;5;158,,,,,,,,,,,,,,,,,,,,,,,,,,,,,,,,,,,,,,,,,,,,,,,,,,,,,,,,,
2/10/2017,20:06,20:15,,,4;5;158,,,,,,,,,,,,,,,,,,,,,,,,,,,,,,,,,,,,,,,,,,,,,,,,,,,,,,,,,,,,,,,,,
2/11/2017,10:00,10:17,,,,,,,1;10;156,1;10;156,1;10;156,,1;10;156,1;10;156,,,,,,,,,,,,,,,,,,,,,,,,,,,,,,,,,,,,,,,,,,,,,,,,,,,,,,,,